{
  "Total" : {
    "transaction" : "Total",
    "sampleCount" : 30,
    "errorCount" : 0,
    "errorPct" : 0.0,
    "meanResTime" : 69162.8,
    "medianResTime" : 77141.0,
    "minResTime" : 9459.0,
    "maxResTime" : 88907.0,
    "pct1ResTime" : 85414.5,
    "pct2ResTime" : 88241.5,
    "pct3ResTime" : 88907.0,
    "throughput" : 0.3263104082143207,
    "receivedKBytesPerSec" : 538.8465742845644,
    "sentKBytesPerSec" : 0.31311778038221827
  },
  "HTTP Request" : {
    "transaction" : "HTTP Request",
    "sampleCount" : 30,
    "errorCount" : 0,
    "errorPct" : 0.0,
    "meanResTime" : 69162.8,
    "medianResTime" : 77141.0,
    "minResTime" : 9459.0,
    "maxResTime" : 88907.0,
    "pct1ResTime" : 85414.5,
    "pct2ResTime" : 88241.5,
    "pct3ResTime" : 88907.0,
    "throughput" : 0.3263104082143207,
    "receivedKBytesPerSec" : 538.8465742845644,
    "sentKBytesPerSec" : 0.31311778038221827
  }
}